question_text;option_1;option_2;option_3;option_4;correct_answer;language;link_id;subject;topic;bloom_level
Cheyne-Stokes breathing features what pattern?;Central apneas with normal breathing;Upper airway repeated collapse;Constant tidal volume breathing;Rapid shallow respiratory rate;Central apneas with normal breathing;en;RESP_1;Respiratory Physiology;Légzés (Bloom 1);1
Milyen mintázat jellemzi a Cheyne-Stokes-légzést?;Központi apnoék normál légzéssel váltakozva;A felsõ légutak ismételt összeomlása;Állandó légzési térfogatú légzés;Gyors, felületes légzési frekvencia;Központi apnoék normál légzéssel váltakozva;hu;RESP_1;Respiratory Physiology;Légzés (Bloom 1);1
During sleep, Cheyne-Stokes apneic episodes compared to awake?;Shorter lasting and less frequent;Longer lasting and more frequent;Same duration and frequency;Completely absent at night;Longer lasting and more frequent;en;RESP_2;Respiratory Physiology;Légzés (Bloom 1);1
Alvás közben a Cheyne-Stokes apnoés epizódok milyenek az éber állapothoz képest?;Rövidebb ideig tartanak és kevésbé gyakoriak;Hosszabb ideig tartanak és gyakoribbak;Ugyanolyan idõtartamúak és gyakoriságúak;Éjszaka teljesen hiányoznak;Hosszabb ideig tartanak és gyakoribbak;hu;RESP_2;Respiratory Physiology;Légzés (Bloom 1);1
In heart failure patients, Cheyne-Stokes apneic episodes typically last?;10 to 30 seconds;Less than 10 seconds;30 to 60 seconds;Over 60 seconds;10 to 30 seconds;en;RESP_3;Respiratory Physiology;Légzés (Bloom 1);1
Szívelégtelenségben szenvedõ betegeknél a Cheyne-Stokes apnoés epizódok jellemzõen meddig tartanak?;10-30 másodpercig;Kevesebb mint 10 másodpercig;30-60 másodpercig;Több mint 60 másodpercig;10-30 másodpercig;hu;RESP_3;Respiratory Physiology;Légzés (Bloom 1);1
Cheyne-Stokes episodes in heart failure followed by what tidal volumes?;Constant level volumes;Decreasing steady volumes;Crescendo-decrescendo pattern;Absent respiratory volumes;Crescendo-decrescendo pattern;en;RESP_4;Respiratory Physiology;Légzés (Bloom 1);1
Milyen légzési volumenváltakozás követi a Cheyne-Stokes epizódokat szívelégtelenségben?;Állandó szintû volumenek;Folyamatosan csökkenõ volumenek;Crescendo-decrescendo mintázat;Hiányzó légzési volumenek;Crescendo-decrescendo mintázat;hu;RESP_4;Respiratory Physiology;Légzés (Bloom 1);1
Upper airway during apneic episodes in obstructive sleep apnea?;Tends to stay open;Always fully collapses;Increases in muscle tone;Generates positive pressure;Tends to stay open;en;RESP_5;Respiratory Physiology;Légzés (Bloom 1);1
Mi jellemzi a felsõ légutakat obstruktív alvási apnoéban az apnoés epizódok alatt?;Hajlamosak nyitva maradni;Mindig teljesen összeomlanak;Nõ az izomtónusuk;Pozitív nyomást generálnak;Hajlamosak nyitva maradni;hu;RESP_5;Respiratory Physiology;Légzés (Bloom 1);1
Obstructive sleep apnea most common in which patients?;Obese individuals;Young thin females;Elderly slim males;Pediatric populations;Obese individuals;en;RESP_6;Respiratory Physiology;Légzés (Bloom 1);1
Melyik betegcsoportban a leggyakoribb az obstruktív alvási apnoé?;Elhízott egyének;Fiatal, vékony nõk;Idõs, karcsú férfiak;Gyermekgyógyászati populációk;Elhízott egyének;hu;RESP_6;Respiratory Physiology;Légzés (Bloom 1);1
One risk factor explicitly listed for obstructive sleep apnea?;Male gender;Small neck circumference;Age younger than 65;No family history;Male gender;en;RESP_7;Respiratory Physiology;Légzés (Bloom 1);1
Mi az obstruktív alvási apnoé egyik kifejezett kockázati tényezõje?;Férfi nem;Kis nyakkörfogat;65 évnél fiatalabb életkor;Nincs családi kórtörténet;Férfi nem;hu;RESP_7;Respiratory Physiology;Légzés (Bloom 1);1
Prevalence of OSA in women older than 65 years?;2 to 4 percent;4 to 9 percent;Less than 2 percent;Greater than 10 percent;2 to 4 percent;en;RESP_8;Respiratory Physiology;Légzés (Bloom 1);1
Mekkora az OSA prevalenciája a 65 évnél idõsebb nõk körében?;2-4 százalék;4-9 százalék;Kevesebb mint 2 százalék;Több mint 10 százalék;2-4 százalék;hu;RESP_8;Respiratory Physiology;Légzés (Bloom 1);1
Prevalence of OSA in men older than 65 years?;2 to 4 percent;4 to 9 percent;Less than 2 percent;Over 10 percent;4 to 9 percent;en;RESP_9;Respiratory Physiology;Légzés (Bloom 1);1
Mekkora az OSA prevalenciája a 65 évnél idõsebb férfiak körében?;2-4 százalék;4-9 százalék;Kevesebb mint 2 százalék;Több mint 10 százalék;4-9 százalék;hu;RESP_9;Respiratory Physiology;Légzés (Bloom 1);1
Cheyne-Stokes breathing also called?;Central sleep apnea;Obstructive apnea syndrome;Mixed respiratory disorder;Hypopnea breathing pattern;Central sleep apnea;en;RESP_10;Respiratory Physiology;Légzés (Bloom 1);1
Más néven hogyan hívják a Cheyne-Stokes-légzést?;Centrális alvási apnoé;Obstruktív apnoé szindróma;Vegyes légzési rendellenesség;Hypopnoe légzési mintázat;Centrális alvási apnoé;hu;RESP_10;Respiratory Physiology;Légzés (Bloom 1);1
Obstructive sleep apnea caused by reduced tone in what muscles?;Pharyngeal dilator muscles;Diaphragmatic respiratory muscles;Intercostal accessory muscles;Abdominal expiratory muscles;Pharyngeal dilator muscles;en;RESP_11;Respiratory Physiology;Légzés (Bloom 1);1
Mely izmok csökkent tónusa okozza az obstruktív alvási apnoét?;Garatfeszítõ izmok;Rekeszizom (légzõizom);Bordaközi segédizmok;Hasi kilégzõizmok;Garatfeszítõ izmok;hu;RESP_11;Respiratory Physiology;Légzés (Bloom 1);1
Negative pressure in OSA generated by what?;Respiratory efforts against occlusion;Passive airway muscle relaxation;Increased intrathoracic pressure;Reduced diaphragmatic contraction;Respiratory efforts against occlusion;en;RESP_12;Respiratory Physiology;Légzés (Bloom 1);1
Mi hozza létre a negatív nyomást OSA-ban?;Az elzáródás elleni légzési erõfeszítések;A légúti izmok passzív ellazulása;Megnövekedett intrathoracalis nyomás;Csökkent rekeszizom-összehúzódás;Az elzáródás elleni légzési erõfeszítések;hu;RESP_12;Respiratory Physiology;Légzés (Bloom 1);1
One other OSA risk factor besides obesity?;Large neck circumference;Small jaw structure;Low body mass index;Frequent exercise routine;Large neck circumference;en;RESP_13;Respiratory Physiology;Légzés (Bloom 1);1
Mi az OSA másik kockázati tényezõje az elhízáson kívül?;Nagy nyakkörfogat;Kis állkapocsszerkezet;Alacsony testtömeg-index;Gyakori edzés;Nagy nyakkörfogat;hu;RESP_13;Respiratory Physiology;Légzés (Bloom 1);1
Table 3.1 lists what as consequence of brain hypoxia?;Chronic hypercapnia;Unsteady myocardial death;Left ventricular failure;Behavioral dysfunction;Unsteady myocardial death;en;RESP_14;Respiratory Physiology;Légzés (Bloom 1);1
A 3.1-es táblázat mit sorol fel az agyi hypoxia következményeként?;Krónikus hypercapnia;Instabil szívizomelhalás;Bal kamrai elégtelenség;Viselkedési zavar;Instabil szívizomelhalás;hu;RESP_14;Respiratory Physiology;Légzés (Bloom 1);1
Fig 3.1 shows obstructive sleep apnea with what feature?;Central respiratory drive;Decreasing stroke volume;Heart failure loop;Catecholamine activity;Decreasing stroke volume;en;RESP_15;Respiratory Physiology;Légzés (Bloom 1);1
A 3.1-es ábra milyen jellemzõvel mutatja be az obstruktív alvási apnoét?;Centrális légzési inger;Csökkenõ lökettérfogat;Szívelégtelenségi hurok;Katekolamin aktivitás;Csökkenõ lökettérfogat;hu;RESP_15;Respiratory Physiology;Légzés (Bloom 1);1
Hypopnea defined as what airflow reduction?;To gains back level;Equal ciliary diffusion;Sixty percent of normal;Full ventilatory stop;Sixty percent of normal;en;RESP_16;Respiratory Physiology;Légzés (Bloom 1);1
Hogyan definiáljuk a hypopnoét a légáramlás csökkenése alapján?;A szint visszaállása;Egyenlõ csillós diffúzió;A normál érték 60 százaléka;Teljes lélegeztetési leállás;A normál érték 60 százaléka;hu;RESP_16;Respiratory Physiology;Légzés (Bloom 1);1
Most effective CPAP use for what purpose?;Two high snoring inputs;Invasive upper airway pressure;Repaying upper repetitive obstruction;Lowering nocturnal pressure events;Repaying upper repetitive obstruction;en;RESP_17;Respiratory Physiology;Légzés (Bloom 1);1
Mire a leghatékonyabb a CPAP alkalmazása?;Túl erõs horkolás;Invazív felsõ légúti nyomás;Az ismétlõdõ felsõ légúti elzáródás megszüntetése;Az éjszakai nyomásesemények csökkentése;Az ismétlõdõ felsõ légúti elzáródás megszüntetése;hu;RESP_17;Respiratory Physiology;Légzés (Bloom 1);1
Obstructive sleep apnea events occur during what state?;Deep non-REM sleep;Light REM sleep stages;Wakeful relaxed periods;Upright postural breathing;Deep non-REM sleep;en;RESP_18;Respiratory Physiology;Légzés (Bloom 1);1
Melyik állapotban fordulnak elõ az obstruktív alvási apnoé eseményei?;Mély non-REM alvás;Könnyû REM alvási szakaszok;Éber, ellazult idõszakok;Álló helyzetû légzés;Mély non-REM alvás;hu;RESP_18;Respiratory Physiology;Légzés (Bloom 1);1
Primary event in central apnea syndrome?;Periodic brain stem events;Pharyngeal wall instability;Chronic upper occlusion;Vascular tone reduction;Periodic brain stem events;en;RESP_19;Respiratory Physiology;Légzés (Bloom 1);1
Mi az elsõdleges esemény a centrális apnoé szindrómában?;Periodikus agytörzsi események;A garatfal instabilitása;Krónikus felsõ elzáródás;Az érrendszeri tónus csökkenése;Periodikus agytörzsi események;hu;RESP_19;Respiratory Physiology;Légzés (Bloom 1);1
Consequence of failed upper airway dilation?;Central sleep fragmentation;Intimal pressure dysfunction;Situational hypertension;Autonomic neuropathy;Situational hypertension;en;RESP_20;Respiratory Physiology;Légzés (Bloom 1);1
Mi a következménye a felsõ légutak sikertelen tágulásának?;Centrális alvástöredezettség;Intimális nyomásdiszfunkció;Szituációs hipertónia;Autonóm neuropathia;Szituációs hipertónia;hu;RESP_20;Respiratory Physiology;Légzés (Bloom 1);1
Alveolar hypoventilation leads to increased what?;Paco2 levels;Pao2 saturation;Tidal volume expansion;Minute ventilation rate;Paco2 levels;en;RESP_21;Respiratory Physiology;Légzés (Bloom 1);1
Mire vezet az alveoláris hypoventiláció?;Emelkedett PaCO2 szintek;Emelkedett PaO2 szaturáció;Légzési volumen tágulása;Percventilációs ráta növekedése;Emelkedett PaCO2 szintek;hu;RESP_21;Respiratory Physiology;Légzés (Bloom 1);1
Obstructive events increase risk for what?;Pulmonary thromboembolism;Systemic thromboembolism;Cardiac conduction block;Peripheral artery disease;Systemic thromboembolism;en;RESP_22;Respiratory Physiology;Légzés (Bloom 1);1
Minek a kockázatát növelik az obstruktív események?;Tüdõembólia;Szisztémás tromboembólia;Szívvezetési blokk;Perifériás artériás betegség;Szisztémás tromboembólia;hu;RESP_22;Respiratory Physiology;Légzés (Bloom 1);1
Fig 3.4 shows what in small airway units?;Ventilation-perfusion inequality;Capillary endothelial diffusion;Bronchial smooth muscle tone;Mucociliary clearance defect;Ventilation-perfusion inequality;en;RESP_23;Respiratory Physiology;Légzés (Bloom 1);1
Mit mutat a 3.4 ábra a kis légúti egységekben?;Ventiláció-perfúzió egyenlõtlenség;Kapilláris endothelialis diffúzió;Bronchiális simaizomtónus;Mucociliáris clearance defektus;Ventiláció-perfúzió egyenlõtlenség;hu;RESP_23;Respiratory Physiology;Légzés (Bloom 1);1
Global V/Q insufficiency labeled as what?;High V/Q border;Shunt pathway region;Low V/Q border;Dead space compartment;Low V/Q border;en;RESP_24;Respiratory Physiology;Légzés (Bloom 1);1
Hogyan nevezzük a globális V/Q elégtelenséget?;Magas V/Q határ;Sönt útvonal régió;Alacsony V/Q határ;Holttér kompartment;Alacsony V/Q határ;hu;RESP_24;Respiratory Physiology;Légzés (Bloom 1);1
Cheyne-Stokes breathing interspersed with what?;Normal breathing pattern;Tachypneic respiratory bursts;Bradypneic slow phases;Hypopneic shallow breaths;Normal breathing pattern;en;RESP_25;Respiratory Physiology;Légzés (Bloom 1);1
Mivel váltakozik a Cheyne-Stokes-légzés?;Normál légzési mintákkal;Tachypnoés légzési szakaszokkal;Bradypnoés lassú fázisokkal;Hypopnoés felületes légzésekkel;Normál légzési mintákkal;hu;RESP_25;Respiratory Physiology;Légzés (Bloom 1);1
In OSA, upper airway collapses due to what pressure?;Negative intraluminal pressure;Positive transmural pressure;Zero transrespiratory pressure;Atmospheric equalization pressure;Negative intraluminal pressure;en;RESP_26;Respiratory Physiology;Légzés (Bloom 1);1
OSA-ban miért omlik össze a felsõ légút?;A negatív intraluminális nyomás miatt;A pozitív transzmureális nyomás miatt;A nulla transzrespiratorikus nyomás miatt;Az atmoszférikus kiegyenlítõ nyomás miatt;A negatív intraluminális nyomás miatt;hu;RESP_26;Respiratory Physiology;Légzés (Bloom 1);1
What defines Cheyne-Stokes breathing?;Central apneas with normal pattern;Upper airway repeated collapse;Negative intraluminal airway pressure;Crescendo-decrescendo tidal volumes;Central apneas with normal pattern;en;RESP_27;Respiratory Physiology;Légzés (Bloom 1);1
Mi határozza meg a Cheyne-Stokes-légzést?;Centrális apnoék normál mintázattal váltakozva;A felsõ légutak ismételt összeomlása;Negatív intraluminális légúti nyomás;Crescendo-decrescendo légzési volumenek;Centrális apnoék normál mintázattal váltakozva;hu;RESP_27;Respiratory Physiology;Légzés (Bloom 1);1
During sleep in Cheyne-Stokes breathing, apneic episodes are?;Shorter than when awake;Less frequent than awake;Longer and more frequent;Same as when awake;Longer and more frequent;en;RESP_28;Respiratory Physiology;Légzés (Bloom 1);1
Alvás közben Cheyne-Stokes-légzésnél az apnoés epizódok milyenek?;Rövidebbek, mint ébren;Kevésbé gyakoriak, mint ébren;Hosszabbak és gyakoribbak;Ugyanolyanok, mint ébren;Hosszabbak és gyakoribbak;hu;RESP_28;Respiratory Physiology;Légzés (Bloom 1);1
In congestive heart failure patients, typical Cheyne-Stokes apneic episode length is?;10 to 30 seconds;Less than 10 seconds;30 to 60 seconds;More than 60 seconds;10 to 30 seconds;en;RESP_29;Respiratory Physiology;Légzés (Bloom 1);1
Pangásos szívelégtelenségben szenvedõ betegeknél mi a tipikus Cheyne-Stokes apnoés epizód hossza?;10-30 másodperc;Kevesebb mint 10 másodperc;30-60 másodperc;Több mint 60 másodperc;10-30 másodperc;hu;RESP_29;Respiratory Physiology;Légzés (Bloom 1);1
Cheyne-Stokes apneic episodes in heart failure are followed by?;Constant tidal volumes;Decreasing tidal volumes;Crescendo-decrescendo volumes;Absent tidal volumes;Crescendo-decrescendo volumes;en;RESP_30;Respiratory Physiology;Légzés (Bloom 1);1
Milyen légzési volumenek követik a Cheyne-Stokes apnoés epizódokat szívelégtelenségben?;Állandó légzési volumenek;Csökkenõ légzési volumenek;Crescendo-decrescendo volumenek;Hiányzó légzési volumenek;Crescendo-decrescendo volumenek;hu;RESP_30;Respiratory Physiology;Légzés (Bloom 1);1
In obstructive sleep apnea, upper airway tends to during apneas?;Completely stay open;Repeatedly collapse;Increase in tone;Generate positive pressure;Completely stay open;en;RESP_31;Respiratory Physiology;Légzés (Bloom 1);1
Obstruktív alvási apnoéban mire hajlamos a felsõ légút az apnoék alatt?;Teljesen nyitva marad;Ismételten összeomlik;Nõ a tónusa;Pozitív nyomást generál;Teljesen nyitva marad;hu;RESP_31;Respiratory Physiology;Légzés (Bloom 1);1
Obstructive sleep apnea (OSA) is most common in?;Obese patients;Young patients;Female patients;Thin patients;Obese patients;en;RESP_32;Respiratory Physiology;Légzés (Bloom 1);1
Melyik csoportban a leggyakoribb az obstruktív alvási apnoé (OSA)?;Elhízott betegek;Fiatal betegek;Nõi betegek;Vékony betegek;Elhízott betegek;hu;RESP_32;Respiratory Physiology;Légzés (Bloom 1);1
One risk factor for obstructive sleep apnea is?;Male gender;Small neck size;Age under 50;No family history;Male gender;en;RESP_33;Respiratory Physiology;Légzés (Bloom 1);1
Mi az obstruktív alvási apnoé egyik kockázati tényezõje?;Férfi nem;Kis nyakméret;50 év alatti életkor;Nincs családi kórtörténet;Férfi nem;hu;RESP_33;Respiratory Physiology;Légzés (Bloom 1);1
OSA prevalence in women older than 65 years is?;2 to 4 percent;4 to 9 percent;Less than 2 percent;Over 10 percent;2 to 4 percent;en;RESP_34;Respiratory Physiology;Légzés (Bloom 1);1
Mekkora az OSA prevalenciája a 65 évnél idõsebb nõk körében?;2-4 százalék;4-9 százalék;Kevesebb mint 2 százalék;Több mint 10 százalék;2-4 százalék;hu;RESP_34;Respiratory Physiology;Légzés (Bloom 1);1
Blood high viscosity increases what peripheral resistance?;Pulmonary vascular resistance;Systemic arterial resistance;Venous capacitance level;Capillary filtration rate;Pulmonary vascular resistance;en;RESP_35;Respiratory Physiology;Légzés (Bloom 1);1
A vér magas viszkozitása melyik perifériás ellenállást növeli?;Pulmonális vaszkuláris ellenállás;Szisztémás artériás ellenállás;Vénás kapacitás szintje;Kapilláris filtrációs ráta;Pulmonális vaszkuláris ellenállás;hu;RESP_35;Respiratory Physiology;Légzés (Bloom 1);1
Pulsatile blood flow causes what in capillaries?;Endothelial cell alignment;Smooth muscle relaxation;Platelet aggregation increase;Fibrin deposition layer;Endothelial cell alignment;en;RESP_36;Respiratory Physiology;Légzés (Bloom 1);1
Mit okoz a pulzáló véráramlás a kapillárisokban?;Az endothelsejtek sorba rendezõdése;Simaizom-ellazulás;Vérlemezke-aggregáció növekedése;Fibrin lerakódási réteg;Az endothelsejtek sorba rendezõdése;hu;RESP_36;Respiratory Physiology;Légzés (Bloom 1);1
Hypoxic pulmonary vasoconstriction mediated by what?;Pulmonary artery constriction;Bronchial artery dilation;Systemic vein compression;Aortic arch baroreceptors;Pulmonary artery constriction;en;RESP_37;Respiratory Physiology;Légzés (Bloom 1);1
Mi közvetíti a hypoxiás pulmonális vazokonstrikciót?;A tüdõartéria összehúzódása;A bronchiális artéria tágulása;A szisztémás vénák összenyomódása;Az aortív baroreceptorai;A tüdõartéria összehúzódása;hu;RESP_37;Respiratory Physiology;Légzés (Bloom 1);1
Lung inflation increases what vascular resistance?;Extra-alveolar vessel resistance;Alveolar capillary resistance;Bronchial venous resistance;Pleural lymphatic resistance;Extra-alveolar vessel resistance;en;RESP_38;Respiratory Physiology;Légzés (Bloom 1);1
A tüdõ felfújása melyik vaszkuláris ellenállást növeli?;Extra-alveoláris erek ellenállása;Alveoláris kapilláris ellenállás;Bronchiális vénás ellenállás;Pleuralis nyirokellenállás;Extra-alveoláris erek ellenállása;hu;RESP_38;Respiratory Physiology;Légzés (Bloom 1);1
Work of breathing equals what physical property?;Pressure times volume;Flow times resistance;Force times distance;Power times duration;Pressure times volume;en;RESP_39;Respiratory Physiology;Légzés (Bloom 1);1
Milyen fizikai tulajdonsággal egyenlõ a légzési munka?;Nyomás szorozva volumennel;Áramlás szorozva ellenállással;Erõ szorozva elmozdulással;Teljesítmény szorozva idõtartammal;Nyomás szorozva volumennel;hu;RESP_39;Respiratory Physiology;Légzés (Bloom 1);1
In emphysema, lung elastic recoil is what?;Markedly decreased;Significantly increased;Minimally altered;Completely preserved;Markedly decreased;en;RESP_40;Respiratory Physiology;Légzés (Bloom 1);1
Emphysemában milyen a tüdõ rugalmas visszarúgása (recoil)?;Kifejezetten csökkent;Jelentõsen megnövekedett;Minimálisan változott;Teljesen megtartott;Kifejezetten csökkent;hu;RESP_40;Respiratory Physiology;Légzés (Bloom 1);1
Hypopnea involves reduction of airflow to what extent?;Sixty percent of normal;One hundred percent normal;Thirty percent of normal;Zero percent airflow;Sixty percent of normal;en;RESP_41;Respiratory Physiology;Légzés (Bloom 1);1
Milyen mértékû légáramlás-csökkenést jelent a hypopnoe?;A normál 60 százaléka;Száz százalékban normál;A normál 30 százaléka;Nulla százalékos légáramlás;A normál 60 százaléka;hu;RESP_41;Respiratory Physiology;Légzés (Bloom 1);1
CPAP most effective for what primary purpose?;Repaying upper obstruction;Increasing lower ventilation;Decreasing central drive;Enhancing diaphragmatic tone;Repaying upper obstruction;en;RESP_42;Respiratory Physiology;Légzés (Bloom 1);1
Mi a CPAP legfõbb alkalmazási célja?;A felsõ légúti elzáródás megszüntetése;Az alsó ventiláció növelése;A centrális inger csökkentése;A rekeszizom tónusának fokozása;A felsõ légúti elzáródás megszüntetése;hu;RESP_42;Respiratory Physiology;Légzés (Bloom 1);1
Obstructive sleep apnea events most during what sleep stage?;Deep non-REM sleep;Light stage one sleep;Awake relaxed state;Rapid eye movement;Deep non-REM sleep;en;RESP_43;Respiratory Physiology;Légzés (Bloom 1);1
Melyik alvási szakaszban fordulnak elõ leginkább az obstruktív alvási apnoé események?;Mély non-REM alvás;Felszínes, 1-es fázisú alvás;Éber, ellazult állapot;Gyors szemmozgásos (REM) szakasz;Mély non-REM alvás;hu;RESP_43;Respiratory Physiology;Légzés (Bloom 1);1
Central type sleep apnea involves what brain mechanism?;Periodic brain stem lesions;Continuous cortical arousal;Steady medullary rhythm;Peripheral chemoreceptor failure;Periodic brain stem lesions;en;RESP_44;Respiratory Physiology;Légzés (Bloom 1);1
Milyen agyi mechanizmus játszik szerepet a centrális típusú alvási apnoéban?;Periodikus agytörzsi elváltozások;Folyamatos kérgi ébredés;Stabil medulláris ritmus;Perifériás kemoreceptor-elégtelenség;Periodikus agytörzsi elváltozások;hu;RESP_44;Respiratory Physiology;Légzés (Bloom 1);1
What defines failed upper airway dilation consequence?;Situational hypertension;Chronic hypotension;Steady normotension;Orthostatic intolerance;Situational hypertension;en;RESP_45;Respiratory Physiology;Légzés (Bloom 1);1
Mi a következménye a felsõ légutak sikertelen tágulásának?;Szituációs hipertónia;Krónikus hypotonia;Stabil normotonia;Ortosztatikus intolerancia;Szituációs hipertónia;hu;RESP_45;Respiratory Physiology;Légzés (Bloom 1);1
Alveolar hypoventilation directly increases what gas?;Arterial PCO2 level;Venous PO2 saturation;Capillary O2 tension;Alveolar nitrogen fraction;Arterial PCO2 level;en;RESP_46;Respiratory Physiology;Légzés (Bloom 1);1
Mit növel közvetlenül az alveoláris hypoventiláció?;Arteriális PCO2 szint;Vénás PO2 szaturáció;Kapilláris O2 feszültség;Alveoláris nitrogénfrakció;Arteriális PCO2 szint;hu;RESP_46;Respiratory Physiology;Légzés (Bloom 1);1
Obstructive apneas elevate risk for what embolism type?;Systemic thromboembolism;Pulmonary microembolism;Coronary thromboembolism;Cerebral microembolism;Systemic thromboembolism;en;RESP_47;Respiratory Physiology;Légzés (Bloom 1);1
Milyen típusú embólia kockázatát növelik az obstruktív apnoék?;Szisztémás tromboembólia;Pulmonális mikroembólia;Koronária-tromboembólia;Cerebrális mikroembólia;Szisztémás tromboembólia;hu;RESP_47;Respiratory Physiology;Légzés (Bloom 1);1
High blood viscosity primarily affects what resistance?;Pulmonary vascular resistance;Bronchial smooth resistance;Systemic capillary resistance;Pleural vascular resistance;Pulmonary vascular resistance;en;RESP_48;Respiratory Physiology;Légzés (Bloom 1);1
Melyik ellenállást befolyásolja elsõsorban a vér magas viszkozitása?;Pulmonális vaszkuláris ellenállás;Bronchiális simaizom-ellenállás;Szisztémás kapilláris ellenállás;Pleuralis vaszkuláris ellenállás;Pulmonális vaszkuláris ellenállás;hu;RESP_48;Respiratory Physiology;Légzés (Bloom 1);1
Pulsatile flow aligns what in pulmonary capillaries?;Endothelial cells;Smooth muscle cells;Red blood cells;White blood cells;Endothelial cells;en;RESP_49;Respiratory Physiology;Légzés (Bloom 1);1
Mit rendez sorba a pulzáló áramlás a tüdõkapillárisokban?;Endothelsejtek;Simaizomsejtek;Vörösvértestek;Fehérvérsejtek;Endothelsejtek;hu;RESP_49;Respiratory Physiology;Légzés (Bloom 1);1
Hypoxic vasoconstriction occurs in what vessels?;Pulmonary artery vessels;Systemic artery vessels;Pulmonary vein vessels;Bronchial artery vessels;Pulmonary artery vessels;en;RESP_50;Respiratory Physiology;Légzés (Bloom 1);1
Melyik erekben fordul elõ hypoxiás vazokonstrikció?;Tüdõartériák;Szisztémás artériák;Tüdõvénák;Bronchiális artériák;Tüdõartériák;hu;RESP_50;Respiratory Physiology;Légzés (Bloom 1);1
Lung inflation affects what vessel type resistance?;Extra-alveolar vessels;Alveolar arterioles;Intrapleural venules;Bronchial capillaries;Extra-alveolar vessels;en;RESP_51;Respiratory Physiology;Légzés (Bloom 1);1
A tüdõ felfújása melyik értípus ellenállását befolyásolja?;Extra-alveoláris erek;Alveoláris arteriolák;Intrapleurális venulák;Bronchiális kapillárisok;Extra-alveoláris erek;hu;RESP_51;Respiratory Physiology;Légzés (Bloom 1);1
Work of breathing defined as what product?;Pressure volume product;Flow resistance product;Force distance product;Power time product;Pressure volume product;en;RESP_52;Respiratory Physiology;Légzés (Bloom 1);1
Hogyan definiáljuk a légzési munkát mint szorzatot?;Nyomás-volumen szorzat;Áramlás-ellenállás szorzat;Erõ-elmozdulás szorzat;Teljesítmény-idõ szorzat;Nyomás-volumen szorzat;hu;RESP_52;Respiratory Physiology;Légzés (Bloom 1);1
Emphysema decreases what lung property?;Elastic recoil force;Airway smooth tone;Capillary bed density;Mucociliary transport;Elastic recoil force;en;RESP_53;Respiratory Physiology;Légzés (Bloom 1);1
Mit csökkent az emphysema a tüdõben?;Rugalmas visszarúgó erõ (elastic recoil);Légúti simaizomtónus;Kapilláriságy denzitása;Mucociliáris transzport;Rugalmas visszarúgó erõ (elastic recoil);hu;RESP_53;Respiratory Physiology;Légzés (Bloom 1);1
Left heart failure elevates what initial pressure?;Pulmonary artery pressure;Systemic venous pressure;Right atrial pressure;Left atrial pressure;Pulmonary artery pressure;en;RESP_54;Respiratory Physiology;Légzés (Bloom 1);1
A bal szívfélelégtelenség melyik nyomást emeli meg kezdetben?;Pulmonális artériás nyomás;Szisztémás vénás nyomás;Jobb pitvari nyomás;Bal pitvari nyomás;Pulmonális artériás nyomás;hu;RESP_54;Respiratory Physiology;Légzés (Bloom 1);1
Recurrent hypoxia in heart failure due to what?;Periodic breathing pauses;Continuous deep breathing;Steady normal breathing;Intermittent fast breathing;Periodic breathing pauses;en;RESP_55;Respiratory Physiology;Légzés (Bloom 1);1
Mi okozza a visszatérõ hypoxiát szívelégtelenségben?;Periodikus légzési szünetek;Folyamatos mélylégzés;Stabil normál légzés;Intermittáló gyorslégzés;Periodikus légzési szünetek;hu;RESP_55;Respiratory Physiology;Légzés (Bloom 1);1
High pulmonary pressure causes what in alveoli?;Fluid transudation;Gas redistribution;Protein exudation;Cell proliferation;Fluid transudation;en;RESP_56;Respiratory Physiology;Légzés (Bloom 1);1
Mit okoz a magas pulmonális nyomás az alveolusokban?;Folyadék-transzudáció;Gáz-újdonságelosztás;Fehérje-exudáció;Sejtproliferáció;Folyadék-transzudáció;hu;RESP_56;Respiratory Physiology;Légzés (Bloom 1);1
Blood high viscosity noted at what level?;Higher than 4 cP;Lower than 2 cP;Equal to 3 cP;Variable daily range;Higher than 4 cP;en;RESP_57;Respiratory Physiology;Légzés (Bloom 1);1
Milyen szintnél beszélünk magas vérviszkozitásról?;4 cP-nél magasabb;2 cP-nél alacsonyabb;3 cP-vel egyenlõ;Változó napi tartomány;4 cP-nél magasabb;hu;RESP_57;Respiratory Physiology;Légzés (Bloom 1);1
Hypopnea caption specifies what lung volume?;Low lung volume;High lung volume;Normal lung volume;Variable lung volume;Low lung volume;en;RESP_58;Respiratory Physiology;Légzés (Bloom 1);1
A hypopnoe felirata melyik tüdõtérfogatot jelöli meg?;Alacsony tüdõtérfogat;Magas tüdõtérfogat;Normál tüdõtérfogat;Változó tüdõtérfogat;Alacsony tüdõtérfogat;hu;RESP_58;Respiratory Physiology;Légzés (Bloom 1);1
Eupnea pattern shown with what lung volume?;Normal lung volume;Reduced lung volume;Expanded lung volume;Minimal lung volume;Normal lung volume;en;RESP_59;Respiratory Physiology;Légzés (Bloom 1);1
Az eupnoe mintázata melyik tüdõtérfogattal jelenik meg?;Normál tüdõtérfogat;Csökkent tüdõtérfogat;Tágult tüdõtérfogat;Minimális tüdõtérfogat;Normál tüdõtérfogat;hu;RESP_59;Respiratory Physiology;Légzés (Bloom 1);1
Hyperpnea breathing achieves what volume change?;Increased lung volume;Decreased lung volume;Stable lung volume;Absent lung volume;Increased lung volume;en;RESP_60;Respiratory Physiology;Légzés (Bloom 1);1
Milyen térfogatváltozást ér el a hyperpnoés légzés?;Megnövekedett tüdõtérfogat;Csökkent tüdõtérfogat;Stabil tüdõtérfogat;Hiányzó tüdõtérfogat;Megnövekedett tüdõtérfogat;hu;RESP_60;Respiratory Physiology;Légzés (Bloom 1);1
Section 3.2 title specifies work of what?;Ventilation and breathing;Circulation and perfusion;Digestion and absorption;Excretion and filtration;Ventilation and breathing;en;RESP_61;Respiratory Physiology;Légzés (Bloom 1);1
A 3.2-es fejezet címe minek a munkáját határozza meg?;Ventiláció és légzés;Keringés és perfúzió;Emésztés és felszívódás;Kiválasztás és filtráció;Ventiláció és légzés;hu;RESP_61;Respiratory Physiology;Légzés (Bloom 1);1
Optimal breathing minimizes what physiologic cost?;Dyspnea sensation level;Oxygen uptake cost;Carbon output rate;Heart rate increase;Oxygen uptake cost;en;RESP_62;Respiratory Physiology;Légzés (Bloom 1);1
Az optimális légzés melyik élettani költséget minimalizálja?;Nehézlégzés érzet szintje;Oxigénfelvétel költsége;Szén-dioxid kibocsátási ráta;Pulzusszám növekedése;Oxigénfelvétel költsége;hu;RESP_62;Respiratory Physiology;Légzés (Bloom 1);1
Higher respiratory frequency requires what increase?;Inspiratory muscle power;Expiratory muscle power;Diaphragm relaxation;Intercostal inhibition;Inspiratory muscle power;en;RESP_63;Respiratory Physiology;Légzés (Bloom 1);1
Milyen növekedést igényel a magasabb légzési frekvencia?;Belégzõizmok ereje (power);Kilégzõizmok ereje;Rekeszizom ellazulása;Bordaközi gátlás;Belégzõizmok ereje (power);hu;RESP_63;Respiratory Physiology;Légzés (Bloom 1);1
Rapid shallow breathing defined by what pattern?;High frequency low amplitude;Low frequency high amplitude;Medium frequency medium amplitude;Variable frequency amplitude;High frequency low amplitude;en;RESP_64;Respiratory Physiology;Légzés (Bloom 1);1
Hogyan definiáljuk a gyors, felületes légzést (szapora légvétel)?;Nagy frekvencia, kis amplitúdó;Kis frekvencia, nagy amplitúdó;Közepes frekvencia, közepes amplitúdó;Változó frekvencia és amplitúdó;Nagy frekvencia, kis amplitúdó;hu;RESP_64;Respiratory Physiology;Légzés (Bloom 1);1
In Fig 3.7A, curve plots volume against what?;Transpulmonary pressure;Pleural surface pressure;Atmospheric barometric pressure;Alveolar distending pressure;Transpulmonary pressure;en;RESP_65;Respiratory Physiology;Légzés (Bloom 1);1
A 3.7A ábrán a görbe a térfogatot mihez képest ábrázolja?;Transzpulmonális nyomás;Pleurális felszíni nyomás;Atmoszférikus barometrikus nyomás;Alveoláris feszítõ nyomás;Transzpulmonális nyomás;hu;RESP_65;Respiratory Physiology;Légzés (Bloom 1);1
Normal expiration driven primarily by?;Elastic recoil forces;Active muscle contraction;Positive pleural pressure;Airway smooth contraction;Elastic recoil forces;en;RESP_66;Respiratory Physiology;Légzés (Bloom 1);1
Mi hajtja elsõsorban a normál kilégzést?;Rugalmas visszarúgó erõk (elastic recoil);Aktív izomösszehúzódás;Pozitív pleurális nyomás;Légúti simaizom-összehúzódás;Rugalmas visszarúgó erõk (elastic recoil);hu;RESP_66;Respiratory Physiology;Légzés (Bloom 1);1
Pulsatile flow effect seen where primarily?;Capillary endothelial layer;Arterial smooth media;Venous valvular cusps;Lymphatic endothelial;Capillary endothelial layer;en;RESP_67;Respiratory Physiology;Légzés (Bloom 1);1
Hol látható elsõsorban a pulzáló áramlás hatása?;Kapilláris endothel réteg;Artériás simaizom (media);Vénás billentyûk;Nyirokrendszeri endothel;Kapilláris endothel réteg;hu;RESP_67;Respiratory Physiology;Légzés (Bloom 1);1
Annual oxygen cost for what equals kcal?;Alveolar ventilation work;Myocardial contraction work;Renal filtration work;Skeletal muscle tone;Alveolar ventilation work;en;RESP_68;Respiratory Physiology;Légzés (Bloom 1);1
Minek az éves oxigénköltsége felel meg kcal-nak?;Alveoláris ventilációs munka;Szívizom összehúzódási munka;Vese-filtrációs munka;Vázizomtónus;Alveoláris ventilációs munka;hu;RESP_68;Respiratory Physiology;Légzés (Bloom 1);1
Emphysema impacts what lung component?;Collagen elastic fibers;Smooth muscle bands;Ciliated epithelial cells;Goblet mucous cells;Collagen elastic fibers;en;RESP_69;Respiratory Physiology;Légzés (Bloom 1);1
Melyik tüdõkomponenst érinti az emphysema?;Kollagén és rugalmas rostok;Simaizomkötegek;Csillós hámsejtek;Kehelysejtek;Kollagén és rugalmas rostok;hu;RESP_69;Respiratory Physiology;Légzés (Bloom 1);1
Chronic respiratory diseases include what condition?;Emphysema;Asthma;Cystic fibrosis;All listed;All listed;en;RESP_70;Respiratory Physiology;Légzés (Bloom 1);1
Mely állapotok tartoznak a krónikus légzõszervi betegségek közé?;Emphysema;Asztma;Cisztás fibrózis;Minden felsorolt;Minden felsorolt;hu;RESP_70;Respiratory Physiology;Légzés (Bloom 1);1
Emphysema increases lung elastic what property?;Surface area compliance;Vascular bed compliance;Airway smooth compliance;Pleural space compliance;Surface area compliance;en;RESP_71;Respiratory Physiology;Légzés (Bloom 1);1
Melyik rugalmas tulajdonságot növeli az emphysema a tüdõben?;Felszíni compliance;Vaszkuláris compliance;Légúti simaizom compliance;Pleuralis tér compliance;Felszíni compliance;hu;RESP_71;Respiratory Physiology;Légzés (Bloom 1);1
Alpha-1 antitrypsin deficiency leads to what?;Panacinar emphysema;Centrilobular emphysema;Irregular airway emphysema;Bullous localized emphysema;Panacinar emphysema;en;RESP_72;Respiratory Physiology;Légzés (Bloom 1);1
Mire vezet az alfa-1 antitripszin hiánya?;Panacináris emphysema;Centrilobuláris emphysema;Irreguláris légúti emphysema;Bullosus lokalizált emphysema;Panacináris emphysema;hu;RESP_72;Respiratory Physiology;Légzés (Bloom 1);1
Dust exposure over 30 years causes what lung disease?;Dust macule formation;Pneumoconiosis simple type;Silicosis progressive fibrosis;Asbestosis pleural plaques;Pneumoconiosis simple type;en;RESP_73;Respiratory Physiology;Légzés (Bloom 1);1
Mihez vezet a 30 éven át tartó porterhelés a tüdõben?;Pormaculák képzõdése;Egyszerû típusú pneumoconiosis;Szilikózis, progresszív fibrózis;Azbesztózis, pleurális plakkok;Egyszerû típusú pneumoconiosis;hu;RESP_73;Respiratory Physiology;Légzés (Bloom 1);1
Bronchiolectasis associated with what spirometry pattern?;Obstructive ventilatory defect;Restrictive ventilatory defect;Mixed ventilatory defect;Normal ventilatory pattern;Obstructive ventilatory defect;en;RESP_74;Respiratory Physiology;Légzés (Bloom 1);1
Milyen spirometriás mintázattal jár a bronchiolectasia?;Obstruktív ventilációs zavar;Restriktív ventilációs zavar;Kevert ventilációs zavar;Normál ventilációs mintázat;Obstruktív ventilációs zavar;hu;RESP_74;Respiratory Physiology;Légzés (Bloom 1);1
Cause of restrictive surface disorders of lung?;Loss of alveolar units;Chest wall muscle weakness;Airway smooth muscle spasm;Pulmonary vascular congestion;Loss of alveolar units;en;RESP_75;Respiratory Physiology;Légzés (Bloom 1);1
Melyik a tüdõ restriktív felszíni zavarainak oka?;Alveoláris egységek elvesztése;Mellkasfali izomgyengeség;Légúti simaizom-görcs;Pulmonális vaszkuláris pangás;Alveoláris egységek elvesztése;hu;RESP_75;Respiratory Physiology;Légzés (Bloom 1);1
Interstitial fibrosis increases lung what measurement?;Recoil pressure level;Compliance curve slope;Airway resistance value;Tidal volume capacity;Recoil pressure level;en;RESP_76;Respiratory Physiology;Légzés (Bloom 1);1
Mit növel az interstitialis fibrózis a tüdõben?;Rugalmas visszahúzódási nyomás (recoil);Compliance-görbe meredeksége;Légúti ellenállás értéke;Légzési volumen kapacitás;Rugalmas visszahúzódási nyomás (recoil);hu;RESP_76;Respiratory Physiology;Légzés (Bloom 1);1
Increased respiratory surface disorders include what?;Pulmonary emboli;Pleural effusions;Pneumothorax tension;Atelectasis compressive;Pulmonary emboli;en;RESP_77;Respiratory Physiology;Légzés (Bloom 1);1
Melyik tartozik a fokozott légzési felszíni zavarok közé?;Tüdõembólia;Pleurális effúzió (mellkasi folyadék);Tenziós pneumothorax;Kompresszív atelectasia;Tüdõembólia;hu;RESP_77;Respiratory Physiology;Légzés (Bloom 1);1
Compliance in emphysema characterized by what lung feature?;Whole lung hyperinflation;Segmental lobe deflation;Airway uniform constriction;Vascular bed reduction;Whole lung hyperinflation;en;RESP_78;Respiratory Physiology;Légzés (Bloom 1);1
Milyen tüdõjellemzõvel azonosítjuk a compliance-t emphysemában?;Az egész tüdõ hyperinflációja (túlfúvódás);Szegmentális lebenyösszeesés;Egységes légúti szûkület;Vaszkuláris ágy csökkenése;Az egész tüdõ hyperinflációja (túlfúvódás);hu;RESP_78;Respiratory Physiology;Légzés (Bloom 1);1
Emphysema destroys what alveolar wall component?;Septal capillary bed;Bronchial cartilage rings;Pleural mesothelial layer;Lymphatic drainage channels;Septal capillary bed;en;RESP_79;Respiratory Physiology;Légzés (Bloom 1);1
Melyik alveoláris falkomponenst pusztítja el az emphysema?;Septalis kapilláriságy;Bronchiális porcgyûrûk;Pleuralis mesothel réteg;Nyirokelvezetési csatornák;Septalis kapilláriságy;hu;RESP_79;Respiratory Physiology;Légzés (Bloom 1);1
High lung compliance seen in what condition?;Emphysema patients;Fibrosis patients;Pneumonia patients;Edema patients;Emphysema patients;en;RESP_80;Respiratory Physiology;Légzés (Bloom 1);1
Melyik állapotban látható magas tüdõ-compliance?;Emphysemás betegek;Fibrózisos betegek;Pneumoniás betegek;Ödémás betegek;Emphysemás betegek;hu;RESP_80;Respiratory Physiology;Légzés (Bloom 1);1
Loss of radial traction affects what airway generation?;Small airway generation;Large airway generation;Tracheal main generation;Bronchial intermediate generation;Small airway generation;en;RESP_81;Respiratory Physiology;Légzés (Bloom 1);1
A radiális trakció elvesztése melyik légúti generációt érinti?;Kis légúti generáció;Nagy légúti generáció;Fõ légcsõ (trachea);Köztes bronchiális generáció;Kis légúti generáció;hu;RESP_81;Respiratory Physiology;Légzés (Bloom 1);1
Pulmonary fibrosis increases what mechanical property?;Lung stiffness level;Airway diameter size;Vascular compliance range;Pleural fluid volume;Lung stiffness level;en;RESP_82;Respiratory Physiology;Légzés (Bloom 1);1
Melyik mechanikai tulajdonságot növeli a tüdõfibrózis?;Tüdõ merevsége (stiffness);Légúti átmérõ;Vaszkuláris compliance tartomány;Pleurális folyadék mennyisége;Tüdõ merevsége (stiffness);hu;RESP_82;Respiratory Physiology;Légzés (Bloom 1);1
Interstitial lung disease impairs gas what process?;Diffusing capacity test;Peak flow measurement;Tidal volume expansion;Residual volume reduction;Diffusing capacity test;en;RESP_83;Respiratory Physiology;Légzés (Bloom 1);1
Melyik folyamatot károsítja az interstitialis tüdõbetegség?;Diffúziós kapacitás (DLCO);Csúcsáramlás mérése;Légzési volumen tágulása;Reziduális volumen csökkenése;Diffúziós kapacitás (DLCO);hu;RESP_83;Respiratory Physiology;Légzés (Bloom 1);1
Pulmonary hypertension caused by what alveolar destruction?;Capillary bed loss;Smooth muscle hypertrophy;Endothelial cell proliferation;Intimal fibrous thickening;Capillary bed loss;en;RESP_84;Respiratory Physiology;Légzés (Bloom 1);1
Milyen alveoláris pusztulás okoz pulmonális hipertóniát?;Kapilláriságy elvesztése;Simaizom-hypertrophia;Endothelsejt-proliferáció;Intimális fibrózis;Kapilláriságy elvesztése;hu;RESP_84;Respiratory Physiology;Légzés (Bloom 1);1
Hypoxia in emphysema due to what ventilation issue?;Ventilation perfusion mismatch;Diffusion barrier thickening;Shunt blood flow increase;Dead space ventilation;Ventilation perfusion mismatch;en;RESP_85;Respiratory Physiology;Légzés (Bloom 1);1
Mi okozza a hypoxiát emphysemában?;Ventiláció-perfúzió mismatch;Diffúziós gát megvastagodása;Sönt-véráramlás növekedése;Holttér-ventiláció;Ventiláció-perfúzió mismatch;hu;RESP_85;Respiratory Physiology;Légzés (Bloom 1);1
Chest wall disorders cause what ventilatory pattern?;Restrictive ventilatory defect;Obstructive ventilatory defect;Hypercapnic respiratory failure;Hypoxemic respiratory alkalosis;Restrictive ventilatory defect;en;RESP_86;Respiratory Physiology;Légzés (Bloom 1);1
Milyen ventilációs mintázatot okoznak a mellkasfali rendellenességek?;Restriktív ventilációs zavar;Obstruktív ventilációs zavar;Hypercapniás légzési elégtelenség;Hypoxiás légzési alkalózis;Restriktív ventilációs zavar;hu;RESP_86;Respiratory Physiology;Légzés (Bloom 1);1
Parenchymal lung destruction leads to what hyperinflation?;Dynamic airway hyperinflation;Static chest hyperinflation;Vascular hyperinflation;Pleural hyperinflation;Dynamic airway hyperinflation;en;RESP_87;Respiratory Physiology;Légzés (Bloom 1);1
Hova vezet a tüdõparenchyma pusztulása?;Dinamikus légúti hyperinfláció (túlfúvódás);Statikus mellkasi hyperinfláció;Vaszkuláris hyperinfláció;Pleuralis hyperinfláció;Dinamikus légúti hyperinfláció (túlfúvódás);hu;RESP_87;Respiratory Physiology;Légzés (Bloom 1);1
Interstitial emphysema expands what lung region?;Peribronchial air spaces;Alveolar capillary spaces;Pleural cavity spaces;Vascular lumen spaces;Peribronchial air spaces;en;RESP_88;Respiratory Physiology;Légzés (Bloom 1);1
Melyik tüdõrégiót tágítja az interstitialis emphysema?;Peribronchiális légterek;Alveoláris kapilláris terek;Pleuralis üreg;Érlumen;Peribronchiális légterek;hu;RESP_88;Respiratory Physiology;Légzés (Bloom 1);1
Age related change decreases what lung component?;Elastic tissue content;Collagen fiber content;Smooth muscle content;Cartilage ring content;Elastic tissue content;en;RESP_89;Respiratory Physiology;Légzés (Bloom 1);1
Melyik tüdõkomponens csökken az életkorral összefüggõ változások során?;Rugalmas szövetek mennyisége;Kollagénrost-tartalom;Simaizom-tartalom;Porcgyûrû-tartalom;Rugalmas szövetek mennyisége;hu;RESP_89;Respiratory Physiology;Légzés (Bloom 1);1
Simple pneumoconiosis features what lung pathology?;Upper lobe dust macules;Diffuse interstitial fibrosis;Nodular massive fibrosis;Pleural calcified plaques;Upper lobe dust macules;en;RESP_90;Respiratory Physiology;Légzés (Bloom 1);1
Mi jellemzõ az egyszerû pneumoconiosisra?;Felsõ lebenyi pormaculák;Diffúz interstitialis fibrózis;Noduláris masszív fibrózis;Pleuralis meszes plakkok;Felsõ lebenyi pormaculák;hu;RESP_90;Respiratory Physiology;Légzés (Bloom 1);1
Alpha1-antitrypsin protects against what tissue damage?;Elastase mediated injury;Collagenase mediated injury;Hyaluronidase mediated injury;Cathepsin mediated injury;Elastase mediated injury;en;RESP_91;Respiratory Physiology;Légzés (Bloom 1);1
Milyen szöveti károsodás ellen véd az alfa-1 antitripszin?;Elasztáz közvetítette károsodás;Kollagenáz közvetítette károsodás;Hialuronidáz közvetítette károsodás;Katepszin közvetítette károsodás;Elasztáz közvetítette károsodás;hu;RESP_91;Respiratory Physiology;Légzés (Bloom 1);1
Obliterative bronchiolitis impairs what lung function?;Small airway patency;Large airway patency;Vascular patency;Pleural patency;Small airway patency;en;RESP_92;Respiratory Physiology;Légzés (Bloom 1);1
Milyen tüdõfunkciót károsít az obliteratív bronchiolitis?;Kis légutak átjárhatósága;Nagy légutak átjárhatósága;Erek átjárhatósága;Pleura átjárhatósága;Kis légutak átjárhatósága;hu;RESP_92;Respiratory Physiology;Légzés (Bloom 1);1
Respiratory bronchiolitis causes what coal worker type?;Simple CWP type;Complicated CWP type;Caplan syndrome type;Silicotic nodule type;Simple CWP type;en;RESP_93;Respiratory Physiology;Légzés (Bloom 1);1
Milyen típusú szénbányász-betegséget (CWP) okoz a respiratorikus bronchiolitis?;Egyszerû CWP típus;Komplikált CWP típus;Caplan-szindróma típus;Szilikotikus csomó típus;Egyszerû CWP típus;hu;RESP_93;Respiratory Physiology;Légzés (Bloom 1);1
Lung resection decreases what compliance factor?;Remaining lung tissue;Chest wall stiffness;Airway resistance;Vascular resistance;Remaining lung tissue;en;RESP_94;Respiratory Physiology;Légzés (Bloom 1);1
A tüdõreszekció minek a compliance-ét csökkenti?;A maradék tüdõszövet compliance-e;Mellkasfali merevség;Légúti ellenállás;Vaszkuláris ellenállás;A maradék tüdõszövet compliance-e;hu;RESP_94;Respiratory Physiology;Légzés (Bloom 1);1
Cigarette smoke induces what type of emphysema?;Centrilobular emphysema;Panlobular emphysema;Irregular paraseptal emphysema;Bullous apical emphysema;Centrilobular emphysema;en;RESP_95;Respiratory Physiology;Légzés (Bloom 1);1
Milyen típusú emphysemát okoz a cigarettafüst?;Centrilobuláris emphysema;Panlobuláris emphysema;Irreguláris paraseptalis emphysema;Apicalis bullosus emphysema;Centrilobuláris emphysema;hu;RESP_95;Respiratory Physiology;Légzés (Bloom 1);1
Time for smokers to develop pack emphysema?;Over 20 pack years;Under 10 pack years;Exactly 15 pack years;Less than 5 pack years;Over 20 pack years;en;RESP_96;Respiratory Physiology;Légzés (Bloom 1);1
Mennyi idõ után alakul ki emphysema a dohányosoknál (pack-years)?;20 csomag-év felett;10 csomag-év alatt;Pontosan 15 csomag-év;Kevesebb mint 5 csomag-év;20 csomag-év felett;hu;RESP_96;Respiratory Physiology;Légzés (Bloom 1);1
Smokers 30-50 years old show what FEV1 decline?;30-50 ml year decline;20-30 ml year decline;50-70 ml year decline;10-20 ml year decline;30-50 ml year decline;en;RESP_97;Respiratory Physiology;Légzés (Bloom 1);1
Milyen mértékû FEV1-csökkenést mutatnak a 30-50 éves dohányosok?;30-50 ml/év csökkenés;20-30 ml/év csökkenés;50-70 ml/év csökkenés;10-20 ml/év csökkenés;30-50 ml/év csökkenés;hu;RESP_97;Respiratory Physiology;Légzés (Bloom 1);1
Women smokers percentage with emphysema pathology?;30 percent affected;10 percent affected;50 percent affected;70 percent affected;30 percent affected;en;RESP_98;Respiratory Physiology;Légzés (Bloom 1);1
Hány százalékban érintettek a dohányzó nõk emphysémás patológiával?;30 százalék érintett;10 százalék érintett;50 százalék érintett;70 százalék érintett;30 százalék érintett;hu;RESP_98;Respiratory Physiology;Légzés (Bloom 1);1
Tobacco smoke activates what alveolar macrophage response?;Reactive oxygen species;Cytokine inhibitory release;Protease inhibitory production;Antioxidant enzyme increase;Reactive oxygen species;en;RESP_99;Respiratory Physiology;Légzés (Bloom 1);1
Milyen alveoláris makrofág-választ vált ki a dohányfüst?;Reaktív oxigénszármazékok (ROS);Citokin-inhibitorok felszabadulása;Proteáz-inhibitor termelés;Antioxidáns enzimek növekedése;Reaktív oxigénszármazékok (ROS);hu;RESP_99;Respiratory Physiology;Légzés (Bloom 1);1
Cigarette smoke impairs what clearance mechanism?;Ciliary beat frequency;Mucous gland secretion;Epithelial cell turnover;Lymphatic drainage flow;Ciliary beat frequency;en;RESP_100;Respiratory Physiology;Légzés (Bloom 1);1
Melyik tisztító mechanizmust károsítja a cigarettafüst?;Csillószõrök verési frekvenciája (ciliary beat);Nyálkamirigyek szekréciója;Epithelsejt-megújulás;Nyirokelvezetés;Csillószõrök verési frekvenciája (ciliary beat);hu;RESP_100;Respiratory Physiology;Légzés (Bloom 1);1
Bronchitis in smokers shows increased what gland size?;Submucosal gland size;Serous gland size;Mucous gland size;Goblet cell size;Mucous gland size;en;RESP_101;Respiratory Physiology;Légzés (Bloom 1);1
Melyik mirigytípus mérete nõ meg dohányosok bronchitisében?;Submucosalis mirigyek;Szerózus mirigyek;Nyálkamirigyek (Mucous glands);Kehelysejtek (Goblet cells);Nyálkamirigyek (Mucous glands);hu;RESP_101;Respiratory Physiology;Légzés (Bloom 1);1
COPD group defined by what disease progression?;Progressive persistent airflow;Intermittent reversible airflow;Stable normal airflow;Rapid improving airflow;Progressive persistent airflow;en;RESP_102;Respiratory Physiology;Légzés (Bloom 1);1
Hogyan definiáljuk a COPD csoportot a betegség progressziója alapján?;Progresszív, perzisztens légúti szûkület;Intermittáló, reverzibilis légúti szûkület;Stabil, normál légáramlás;Gyorsan javuló légáramlás;Progresszív, perzisztens légúti szûkület;hu;RESP_102;Respiratory Physiology;Légzés (Bloom 1);1
COPD hallmark is what ratio abnormality?;FEV1 FVC ratio;FVC PEFR ratio;TLC RV ratio;DLCO VA ratio;FEV1 FVC ratio;en;RESP_103;Respiratory Physiology;Légzés (Bloom 1);1
Mi a COPD jellegzetes spirometriás eltérése?;FEV1/FVC arány csökkenése;FVC/PEFR arány;TLC/RV arány;DLCO/VA arány;FEV1/FVC arány csökkenése;hu;RESP_103;Respiratory Physiology;Légzés (Bloom 1);1
COPD affects what primary lung tissue?;Peripheral airspaces parenchyma;Central large airways only;Vascular endothelium only;Pleural mesothelium only;Peripheral airspaces parenchyma;en;RESP_104;Respiratory Physiology;Légzés (Bloom 1);1
Melyik tüdõszövetet érinti elsõsorban a COPD?;Perifériás légterek és parenchyma;Csak a centrális nagy légutak;Csak az ér-endothel;Csak a pleura mesothel;Perifériás légterek és parenchyma;hu;RESP_104;Respiratory Physiology;Légzés (Bloom 1);1
What virus associated with COPD exacerbations?;Respiratory syncytial virus;Influenza viral strain;Rhinovirus common cold;Parainfluenza type;Respiratory syncytial virus;en;RESP_105;Respiratory Physiology;Légzés (Bloom 1);1
Melyik vírus hozható összefüggésbe a COPD exacerbációkkal?;Respiratory Syncytial Vírus (RSV);Influenza vírus;Rhinovírus (megfázás);Parainfluenza vírus;Respiratory Syncytial Vírus (RSV);hu;RESP_105;Respiratory Physiology;Légzés (Bloom 1);1
COPD small airway disease shows what monocyte increase?;CD8 T lymphocyte increase;CD4 T lymphocyte increase;B lymphocyte increase;NK cell increase;CD8 T lymphocyte increase;en;RESP_106;Respiratory Physiology;Légzés (Bloom 1);1
Milyen sejtes beszûrõdés látható COPD-ben a kis légutaknál?;CD8+ T-limfociták számának növekedése;CD4+ T-limfociták számának növekedése;B-limfociták növekedése;NK-sejtek növekedése;CD8+ T-limfociták számának növekedése;hu;RESP_106;Respiratory Physiology;Légzés (Bloom 1);1
Asthma features what airway smooth muscle change?;Hypertrophy and hyperplasia;Atrophy and hypoplasia;Normal size stable;Reduced total mass;Hypertrophy and hyperplasia;en;RESP_107;Respiratory Physiology;Légzés (Bloom 1);1
Milyen simaizom-elváltozás jellemzõ asztmában a légutakra?;Hypertrophia és hyperplasia (túltengés);Atrophia és hypoplasia;Normális, stabil méret;Csökkent teljes tömeg;Hypertrophia és hyperplasia (túltengés);hu;RESP_107;Respiratory Physiology;Légzés (Bloom 1);1
Bronchial asthma involves what mucosal feature?;Thickened basement membrane;Thinned basement membrane;Absent basement membrane;Fragmented basement membrane;Thickened basement membrane;en;RESP_108;Respiratory Physiology;Légzés (Bloom 1);1
Milyen nyálkahártya-elváltozás jellemzõ bronchiális asztmára?;Megvastagodott bazális membrán;Vékonyodott bazális membrán;Hiányzó bazális membrán;Töredezett bazális membrán;Megvastagodott bazális membrán;hu;RESP_108;Respiratory Physiology;Légzés (Bloom 1);1
Eosinophilic inflammation in asthma mediated by what?;IL5 cytokine signaling;IL4 cytokine signaling;IL13 cytokine signaling;TNF alpha signaling;IL5 cytokine signaling;en;RESP_109;Respiratory Physiology;Légzés (Bloom 1);1
Mi közvetíti az eozinofil gyulladást asztmában?;IL-5 citokin jelátvitel;IL-4 citokin jelátvitel;IL-13 citokin jelátvitel;TNF-alfa jelátvitel;IL-5 citokin jelátvitel;hu;RESP_109;Respiratory Physiology;Légzés (Bloom 1);1
Asthma airway remodeling includes what epithelial change?;Goblet cell metaplasia;Ciliated cell metaplasia;Basal cell metaplasia;Clara cell metaplasia;Goblet cell metaplasia;en;RESP_110;Respiratory Physiology;Légzés (Bloom 1);1
Mit foglal magában a légúti remodeling asztmában a hám szintjén?;Kehelysejt-metaplasia;Csillóssejt-metaplasia;Bazális sejt metaplasia;Clara-sejt metaplasia;Kehelysejt-metaplasia;hu;RESP_110;Respiratory Physiology;Légzés (Bloom 1);1
Large airway cilia destroyed by what in smokers?;Tobacco glycoprotein binding;Carbon monoxide poisoning;Nicotine vascular spasm;Tar particulate deposition;Tobacco glycoprotein binding;en;RESP_111;Respiratory Physiology;Légzés (Bloom 1);1
Mi pusztítja el a nagy légutak csillóit dohányaoknál?;Dohány glikoprotein kötõdése;Szén-monoxid mérgezés;Nikotin okozta érgörcs;Kátrány-részecske lerakódás;Dohány glikoprotein kötõdése;hu;RESP_111;Respiratory Physiology;Légzés (Bloom 1);1
Chronic bronchitis defined by what cough duration?;Three months yearly two years;Six months yearly one year;One month yearly three years;Twelve months continuous;Three months yearly two years;en;RESP_112;Respiratory Physiology;Légzés (Bloom 1);1
Hogyan definiáljuk a krónikus bronchitist a köhögés idõtartama alapján?;Két éven át, évente legalább három hónapig;Egy éven át, évente hat hónapig;Három éven át, évente egy hónapig;Tizenkét hónap folyamatosan;Két éven át, évente legalább három hónapig;hu;RESP_112;Respiratory Physiology;Légzés (Bloom 1);1
COPD inflammation recruits what cell type centrally?;Neutrophils macrophages;Eosinophils lymphocytes;Mast cells basophils;Plasma cells monocytes;Neutrophils macrophages;en;RESP_113;Respiratory Physiology;Légzés (Bloom 1);1
Milyen sejteket toboroz a COPD-s gyulladás centrálisan?;Neutrofil granulociták és makrofágok;Eozinofilok és limfociták;Hízósejtek és bazofilok;Plazmasejtek és monociták;Neutrofil granulociták és makrofágok;hu;RESP_113;Respiratory Physiology;Légzés (Bloom 1);1
Emphysema protease antiprotease imbalance favors what?;Neutrophil elastase activity;Alpha1 protease inhibition;MMP tissue inhibition;TIMP matrix protection;Neutrophil elastase activity;en;RESP_114;Respiratory Physiology;Légzés (Bloom 1);1
Minek kedvez az emphysemában kialakuló proteáz-antiproteáz egyensúlyzavar?;Neutrofil elasztáz aktivitás;Alfa-1 proteáz gátlás;MMP szöveti gátlás;TIMP mátrix védelem;Neutrofil elasztáz aktivitás;hu;RESP_114;Respiratory Physiology;Légzés (Bloom 1);1
Asthma distinguished from COPD by what response?;Largely reversible airflow;Largely irreversible airflow;Stable persistent airflow;Variable random airflow;Largely reversible airflow;en;RESP_115;Respiratory Physiology;Légzés (Bloom 1);1
Mi különbözteti meg az asztmát a COPD-tõl a légáramlás tekintetében?;Nagyrészt reverzibilis légúti szûkület;Nagyrészt irreverzibilis légúti szûkület;Stabil perzisztens légáramlás;Változó random légáramlás;Nagyrészt reverzibilis légúti szûkület;hu;RESP_115;Respiratory Physiology;Légzés (Bloom 1);1
Mucus hypersecretion in COPD due to what metaplasia?;Goblet cell metaplasia;Serous cell metaplasia;Ciliated cell metaplasia;Basal cell metaplasia;Goblet cell metaplasia;en;RESP_116;Respiratory Physiology;Légzés (Bloom 1);1
Mi okozza a fokozott nyákelválasztást COPD-ben?;Kehelysejt-metaplasia;Szerózus sejt metaplasia;Csillóssejt-metaplasia;Bazális sejt metaplasia;Kehelysejt-metaplasia;hu;RESP_116;Respiratory Physiology;Légzés (Bloom 1);1
Smoking recruits what inflammatory cells peripherally?;CD8 macrophages;CD4 eosinophils;Neutrophils basophils;Mast cells plasma;CD8 macrophages;en;RESP_117;Respiratory Physiology;Légzés (Bloom 1);1
Milyen gyulladásos sejteket toboroz a dohányzás perifériásan?;CD8+ limfociták és makrofágok;CD4+ limfociták és eozinofilok;Neutrofilok és bazofilok;Hízósejtek és plazmasejtek;CD8+ limfociták és makrofágok;hu;RESP_117;Respiratory Physiology;Légzés (Bloom 1);1
Bronchial wall edema contributes to what in asthma?;Airflow dynamic compression;Ventilation static restriction;Perfusion vascular shunting;Diffusion membrane thickening;Airflow dynamic compression;en;RESP_118;Respiratory Physiology;Légzés (Bloom 1);1
Mihez járul hozzá a hörgõfal-ödéma asztmában?;A légáramlás dinamikus kompressziója;Ventilációs statikus restrikció;Perfúziós vaszkuláris söntölés;Diffúziós membrán megvastagodása;A légáramlás dinamikus kompressziója;hu;RESP_118;Respiratory Physiology;Légzés (Bloom 1);1
Tobacco smoke induces apoptosis in what lung cells?;Alveolar pneumocytes type;Bronchial goblet cells;Vascular endothelial cells;Interstitial fibroblast cells;Alveolar pneumocytes type;en;RESP_119;Respiratory Physiology;Légzés (Bloom 1);1
Mely tüdõsejtekben indukál apoptosis-t a dohányfüst?;Alveoláris pneumocyták (típus egységek);Bronchiális kehelysejtek;Vaszkuláris endothelsejtek;Interstitialis fibroblasztok;Alveoláris pneumocyták (típus egységek);hu;RESP_119;Respiratory Physiology;Légzés (Bloom 1);1
Allergen exposure increases eosinophil what in airways?;Number and activity;Size and density;Migration and apoptosis;Degranulation and death;Number and activity;en;RESP_120;Respiratory Physiology;Légzés (Bloom 1);1
Mit fokoz az allergénterhelés az eozinofiloknál a légutakban?;Számuk és aktivitásuk;Méretük és denzitásuk;Migrációjuk és apoptosisuk;Degranulációjuk és haláluk;Számuk és aktivitásuk;hu;RESP_120;Respiratory Physiology;Légzés (Bloom 1);1
Dust mites labeled as what asthma trigger?;Indoor perennial allergen;Outdoor seasonal allergen;Food ingested allergen;Drug induced allergen;Indoor perennial allergen;en;RESP_121;Respiratory Physiology;Légzés (Bloom 1);1
Milyen típusú asztma-triggerként ismertek a poratkák?;Beltéri, egész évben jelen lévõ (perenniális) allergén;Kültéri szezonális allergén;Ételallergén;Gyógyszer okozta allergén;Beltéri, egész évben jelen lévõ (perenniális) allergén;hu;RESP_121;Respiratory Physiology;Légzés (Bloom 1);1
IgE production stimulated by what T cell cytokine?;IL4 and IL13;IL5 and IL9;TNF alpha gamma;IFN gamma beta;IL4 and IL13;en;RESP_122;Respiratory Physiology;Légzés (Bloom 1);1
Melyik T-sejt citokin serkenti az IgE termelését?;IL-4 és IL-13;IL-5 és IL-9;TNF-alfa és gamma;IFN-gamma és béta;IL-4 és IL-13;hu;RESP_122;Respiratory Physiology;Légzés (Bloom 1);1
Mast cell degranulation releases what mediator?;Tryptase histamine;Prostaglandin leukotriene;Cytokine chemokine;Protease neutralase;Tryptase histamine;en;RESP_123;Respiratory Physiology;Légzés (Bloom 1);1
Milyen mediátort szabadít fel a hízósejtek degranulációja?;Triptáz és hisztamin;Prosztaglandin és leukotrién;Citokin és kemokin;Proteáz és neutraláz;Triptáz és hisztamin;hu;RESP_123;Respiratory Physiology;Légzés (Bloom 1);1
Airway smooth muscle in asthma shows what change?;Hyperplasia hypertrophy;Atrophy hypoplasia;Normal stable size;Reduced total mass;Hyperplasia hypertrophy;en;RESP_124;Respiratory Physiology;Légzés (Bloom 1);1
Milyen elváltozást mutat a légúti simaizom asztmában?;Hyperplasia és hypertrophia (túltengés);Atrophia és hypoplasia;Normál szintek;Csökkent össztömeg;Hyperplasia és hypertrophia (túltengés);hu;RESP_124;Respiratory Physiology;Légzés (Bloom 1);1
Bronchial hyperresponsiveness increased to what stimuli?;Methacholine histamine;Saline distilled water;Helium normal air;Oxygen enriched air;Methacholine histamine;en;RESP_125;Respiratory Physiology;Légzés (Bloom 1);1
Milyen ingerekre fokozódik a bronchiális hiperreaktivitás?;Metacholin és hisztamin;Sósav és desztillált víz;Hélium és normál levegõ;Oxigénnel dúsított levegõ;Metacholin és hisztamin;hu;RESP_125;Respiratory Physiology;Légzés (Bloom 1);1
Loss of epithelial integrity leads to what exposure?;Subepithelial nerve exposure;Basement membrane exposure;Smooth muscle exposure;Vascular plexus exposure;Subepithelial nerve exposure;en;RESP_126;Respiratory Physiology;Légzés (Bloom 1);1
Mire vezet az epithel integritásának elvesztése?;Szubepitheliális idegvégzõdések szabaddá válása;Bazális membrán expozíció;Simaizom expozíció;Vaszkuláris plexus expozíció;Szubepitheliális idegvégzõdések szabaddá válása;hu;RESP_126;Respiratory Physiology;Légzés (Bloom 1);1
Small airway remodeling in asthma includes what?;Smooth muscle hypertrophy;Epithelial cell atrophy;Goblet cell reduction;Ciliated cell increase;Smooth muscle hypertrophy;en;RESP_127;Respiratory Physiology;Légzés (Bloom 1);1
Mit foglal magában a kis légutak remodelingje asztmában?;Simaizom-hypertrophia;Epithelsejt-atrophia;Kehelysejtek számának csökkenése;Csillóssejtek növekedése;Simaizom-hypertrophia;hu;RESP_127;Respiratory Physiology;Légzés (Bloom 1);1
Th2 lymphocyte response key in what asthma type?;Allergic eosinophilic asthma;Nonallergic neutrophilic asthma;Aspirin exacerbated asthma;Occupational irritant asthma;Allergic eosinophilic asthma;en;RESP_128;Respiratory Physiology;Légzés (Bloom 1);1
Melyik asztmatípus kulcspontja a Th2 limfocita válasz?;Allergiás eozinofil asztma;Nem allergiás neutrofil asztma;Aszpirin-indukált asztma;Foglalkozási irritatív asztma;Allergiás eozinofil asztma;hu;RESP_128;Respiratory Physiology;Légzés (Bloom 1);1
Airway microvascular leakage causes what mucosal change?;Edema mucus hypersecretion;Dryness gland atrophy;Thickening membrane repair;Thinning barrier loss;Edema mucus hypersecretion;en;RESP_129;Respiratory Physiology;Légzés (Bloom 1);1
Milyen nyálkahártya-elváltozást okoz a légúti microvaszkuláris szivárgás?;Ödéma és nyák-hypersecrectio;Szárazság és mirigy-atrophia;Vastagodás és membrán-repair;Vékonyodás és barrier-vesztés;Ödéma és nyák-hypersecrectio;hu;RESP_129;Respiratory Physiology;Légzés (Bloom 1);1
Cystic fibrosis transmembrane conductance regulator abbreviated?;CFTR chloride channel;CFTR sodium channel;CFTR potassium channel;CFTR calcium channel;CFTR chloride channel;en;RESP_130;Respiratory Physiology;Légzés (Bloom 1);1
Hogyan rövidítjük a cisztás fibrózis transzmembrán konduktancia regulátorát?;CFTR kloridcsatorna;CFTR nátriumcsatorna;CFTR káliumcsatorna;CFTR kalciumcsatorna;CFTR kloridcsatorna;hu;RESP_130;Respiratory Physiology;Légzés (Bloom 1);1
CFTR dysfunction leads to what airway surface?;Dehydrated sticky mucus;Hydrated loose mucus;Normal watery mucus;Absent total mucus;Dehydrated sticky mucus;en;RESP_131;Respiratory Physiology;Légzés (Bloom 1);1
Hova vezet a CFTR diszfunkciója a légutak felszínén?;Dehidratált, tapadós nyák;Hidratált, laza nyák;Normál, vizes nyák;Hiányzó nyák;Dehidratált, tapadós nyák;hu;RESP_131;Respiratory Physiology;Légzés (Bloom 1);1
Primary ciliary dyskinesia impairs what mucociliary function?;Ciliary beat coordination;Mucus gland secretion;Epithelial cell renewal;Vascular permeability;Ciliary beat coordination;en;RESP_132;Respiratory Physiology;Légzés (Bloom 1);1
Melyik mucociliáris funkciót károsítja a primer ciliáris dyskinesia?;Csillóverés koordinációja;Nyálkamirigyszekréció;Epithelsejt-megújulás;Vaszkuláris permeabilitás;Csillóverés koordinációja;hu;RESP_132;Respiratory Physiology;Légzés (Bloom 1);1
Cystic fibrosis sweat chloride level diagnostic threshold?;Greater than 60 mmol;Less than 40 mmol;Exactly 50 mmol;Variable daily range;Greater than 60 mmol;en;RESP_133;Respiratory Physiology;Légzés (Bloom 1);1
Mi a cisztás fibrózis diagnosztikai küszöbértéke a verejték-klorid szintnél?;Nagyobb mint 60 mmol/L;Kisebb mint 40 mmol/L;Pontosan 50 mmol/L;Változó napi tartomány;Nagyobb mint 60 mmol/L;hu;RESP_133;Respiratory Physiology;Légzés (Bloom 1);1
Diseases grouped as parenchymal airway disorders?;Emphysema chronic bronchitis;Pneumonia pulmonary edema;Pleural effusion pneumothorax;Vascular embolism infarction;Emphysema chronic bronchitis;en;RESP_134;Respiratory Physiology;Légzés (Bloom 1);1
Mely betegségek tartoznak a parenchymás légúti zavarok közé?;Emphysema és krónikus bronchitis;Pneumonia és tüdõödéma;Pleurális effúzió és légmell;Érembólia és infarktus;Emphysema és krónikus bronchitis;hu;RESP_134;Respiratory Physiology;Légzés (Bloom 1);1
Inflammation in asthmatic bronchi characterized by?;Eosinophilic granulocyte influx;Neutrophilic granulocyte influx;Lymphocytic granulocyte influx;Monocytic granulocyte influx;Eosinophilic granulocyte influx;en;RESP_135;Respiratory Physiology;Légzés (Bloom 1);1
Mi jellemzi az asztmás hörgõk gyulladását?;Eozinofil granulocita beáramlás;Neutrofil granulocita beáramlás;Limfocita beáramlás;Monocita beáramlás;Eozinofil granulocita beáramlás;hu;RESP_135;Respiratory Physiology;Légzés (Bloom 1);1
Worst prognosis for survival in which condition?;Severe chronic bronchitis;Mild intermittent asthma;Stable restrictive fibrosis;Acute reversible bronchospasm;Severe chronic bronchitis;en;RESP_136;Respiratory Physiology;Légzés (Bloom 1);1
Melyik állapotban a legrosszabb a túlélési prognózis?;Súlyos krónikus bronchitis;Enyhe intermittáló asztma;Stabil restriktív fibrózis;Akut reverzibilis hörgõgörcs;Súlyos krónikus bronchitis;hu;RESP_136;Respiratory Physiology;Légzés (Bloom 1);1
GOLD used for what clinical disease staging?;Global COPD assessment;General obstruction lung disease;Global obstruction lung deficit;General obstructive lung damage;Global COPD assessment;en;RESP_137;Respiratory Physiology;Légzés (Bloom 1);1
Mire használják a GOLD kritériumokat a klinikumban?;Globális COPD stádiummeghatározás;Általános légúti szûkület mérése;Globális obstrukciós deficit;Általános tüdõkárosodás mérése;Globális COPD stádiummeghatározás;hu;RESP_137;Respiratory Physiology;Légzés (Bloom 1);1
Dyspnea defined as what respiratory symptom?;Subjective breathing discomfort;Objective breathing rate increase;Measured ventilation effort;Quantified gas exchange failure;Subjective breathing discomfort;en;RESP_138;Respiratory Physiology;Légzés (Bloom 1);1
Hogyan definiáljuk a dyspnoét (nehézlégzést)?;Szubjektív légzési diszkomfort;Objektív légzészám-növekedés;Mért ventilációs erõfeszítés;Kvantifikált gázcsere-elégtelenség;Szubjektív légzési diszkomfort;hu;RESP_138;Respiratory Physiology;Légzés (Bloom 1);1
Dyspnea causes include disorders of what systems?;Respiratory cardiovascular neuromuscular;Renal hepatic endocrine metabolic;Gastrointestinal musculoskeletal integumentary;Nervous hematologic lymphatic immune;Respiratory cardiovascular neuromuscular;en;RESP_139;Respiratory Physiology;Légzés (Bloom 1);1
Milyen rendszerek zavarai okozhatnak dyspnoét?;Respiratorikus, kardiovaszkuláris és neuromuszkuláris;Renális, hepatikus és endokrin;Gastrointestinalis és mozgásszervi;Idegi és hematológiai;Respiratorikus, kardiovaszkuláris és neuromuszkuláris;hu;RESP_139;Respiratory Physiology;Légzés (Bloom 1);1
Alveolar hypoventilation fails to maintain what gas?;Normal PACO2 level;Normal PAO2 level;Normal PAN2 level;Normal PAH2O level;Normal PACO2 level;en;RESP_140;Respiratory Physiology;Légzés (Bloom 1);1
Mit nem tud fenntartani az alveoláris hypoventiláció?;Normál PACO2 szint;Normál PAO2 szint;Normál PAN2 szint;Normál PAH2O szint;Normál PACO2 szint;hu;RESP_140;Respiratory Physiology;Légzés (Bloom 1);1
Ventilation perfusion mismatching causes what imbalance?;Regional blood flow mismatch;Global cardiac output mismatch;Systemic arterial pressure mismatch;Pulmonary vascular resistance mismatch;Regional blood flow mismatch;en;RESP_141;Respiratory Physiology;Légzés (Bloom 1);1
Milyen egyensúlyzavart okoz a ventiláció-perfúzió mismatch?;Regionális véráramlási aránytalanság;Globális perctérfogat aránytalanság;Szisztémás artériás nyomás eltérés;Tüdõ érrendszeri ellenállás eltérés;Regionális véráramlási aránytalanság;hu;RESP_141;Respiratory Physiology;Légzés (Bloom 1);1
Obligatory nose breathing impaired leads to what?;Altered inspired gas conditioning;Increased tidal volume capacity;Decreased respiratory muscle fatigue;Improved mucociliary clearance;Altered inspired gas conditioning;en;RESP_142;Respiratory Physiology;Légzés (Bloom 1);1
Mire vezet a kényszerû orrlégzés akadályozottsága?;A belélegzett gáz kondicionálásának megváltozása;Megnövekedett légzési volumen;Csökkent légzõizom-fáradtság;Javult mucociliáris clearance;A belélegzett gáz kondicionálásának megváltozása;hu;RESP_142;Respiratory Physiology;Légzés (Bloom 1);1
Dyspnea scale modification useful when?;Patients added oxygen therapy;Patients reduced exercise load;Patients stable vital signs;Patients normal gas exchange;Patients added oxygen therapy;en;RESP_143;Respiratory Physiology;Légzés (Bloom 1);1
Mikor hasznos a nehézlégzés-skála módosítása?;Oxigénterápia bevezetésekor;Fizikai terhelés csökkentésekor;Stabil életjelek esetén;Normál gázcsere esetén;Oxigénterápia bevezetésekor;hu;RESP_143;Respiratory Physiology;Légzés (Bloom 1);1
Section 3.3 discusses what breathing pattern?;Rapid shallow breathing;Slow deep breathing;Normal tidal breathing;Periodic Cheyne breathing;Rapid shallow breathing;en;RESP_144;Respiratory Physiology;Légzés (Bloom 1);1
Melyik légzési mintázatot tárgyalja a 3.3-as fejezet?;Gyors, felületes légzés (szapora légvétel);Lassú, mély légzés;Normál nyugalmi légzés;Periodikus Cheyne-légzés;Gyors, felületes légzés (szapora légvétel);hu;RESP_144;Respiratory Physiology;Légzés (Bloom 1);1
